{"v":"5.6.3","fr":30,"ip":0,"op":120,"w":1080,"h":1080,"nm":"Liquid Load","ddd":0,"assets":[],"layers":[{"ddd":0,"ind":1,"ty":4,"nm":"Shape Layer 2","sr":1,"ks":{"o":{"a":0,"k":100,"ix":11},"r":{"a":1,"k":[{"i":{"x":[0.833],"y":[0.833]},"o":{"x":[0.167],"y":[0.167]},"t":0,"s":[0]},{"i":{"x":[0.833],"y":[0.833]},"o":{"x":[0.167],"y":[0.167]},"t":60,"s":[33]},{"t":120.0000048877,"s":[0]}],"ix":10},"p":{"a":0,"k":[540,540,0],"ix":2},"a":{"a":0,"k":[0,0,0],"ix":1},"s":{"a":0,"k":[100,100,100],"ix":6}},"ao":0,"hasMask":true,"masksProperties":[{"inv":false,"mode":"a","pt":{"a":0,"k":{"i":[[225.884,0],[0,-225.884],[-225.884,0],[0,225.884]],"o":[[-225.884,0],[0,225.884],[225.884,0],[0,-225.884]],"v":[[3,-405],[-406,4],[3,413],[412,4]],"c":true},"ix":1},"o":{"a":0,"k":100,"ix":3},"x":{"a":0,"k":0,"ix":4},"nm":"Mask 2"}],"shapes":[{"ty":"gr","it":[{"ind":0,"ty":"sh","ix":1,"ks":{"a":1,"k":[{"i":{"x":0.667,"y":1},"o":{"x":0.333,"y":0},"t":2,"s":[{"i":[[0,0],[390,90],[0,0],[-484,24]],"o":[[0,0],[-290.1,-66.946],[0,0],[484,-24]],"v":[[492,-108],[-114,36],[-458,34],[36,458]],"c":true}]},{"i":{"x":0.667,"y":1},"o":{"x":0.333,"y":0},"t":30,"s":[{"i":[[0,0],[263.067,-149.904],[0,0],[-484,24]],"o":[[0,0],[-225.933,111.096],[0,0],[484,-24]],"v":[[486.31,-147.828],[-21.067,-8.096],[-458,34],[36,458]],"c":true}]},{"i":{"x":0.833,"y":0.833},"o":{"x":0.167,"y":0.167},"t":60,"s":[{"i":[[0,0],[131,-331],[0,0],[-484,24]],"o":[[0,0],[-109.562,276.833],[0,0],[484,-24]],"v":[[526.266,-144.927],[128.266,-9.927],[-411.734,81.073],[82.266,505.073]],"c":true}]},{"i":{"x":0.667,"y":1},"o":{"x":0.333,"y":0},"t":90,"s":[{"i":[[0,0],[275,35.5],[0,0],[-484,24]],"o":[[0,0],[-216,-28.5],[0,0],[484,-24]],"v":[[486,-150],[-16,-10.5],[-458,34],[36,458]],"c":true}]},{"t":120.0000048877,"s":[{"i":[[0,0],[390,90],[0,0],[-484,24]],"o":[[0,0],[-290.1,-66.946],[0,0],[484,-24]],"v":[[492,-108],[-114,36],[-458,34],[36,458]],"c":true}]}],"ix":2},"nm":"Path 1","mn":"ADBE Vector Shape - Group","hd":false},{"ty":"gf","o":{"a":0,"k":100,"ix":10},"r":1,"bm":0,"g":{"p":2,"k":{"a":0,"k":[0,0.16470588235294117,0.6352941176470588,0.8392156862745098,1,0.16470588235294117,0.6352941176470588,0.8392156862745098],"ix":9}},"s":{"a":0,"k":[125.292,381.853],"ix":5},"e":{"a":0,"k":[-79.197,-319.821],"ix":6},"t":2,"h":{"a":0,"k":1.503,"ix":7},"a":{"a":0,"k":154.263,"ix":8},"nm":"Gradient Fill 1","mn":"ADBE Vector Graphic - G-Fill","hd":false},{"ty":"tr","p":{"a":0,"k":[0,0],"ix":2},"a":{"a":0,"k":[0,0],"ix":1},"s":{"a":0,"k":[100,100],"ix":3},"r":{"a":0,"k":0,"ix":6},"o":{"a":0,"k":100,"ix":7},"sk":{"a":0,"k":0,"ix":4},"sa":{"a":0,"k":0,"ix":5},"nm":"Transform"}],"nm":"Shape 1","np":3,"cix":2,"bm":0,"ix":1,"mn":"ADBE Vector Group","hd":false}],"ip":0,"op":900.000036657751,"st":0,"bm":0},{"ddd":0,"ind":2,"ty":4,"nm":"Shape Layer 3","sr":1,"ks":{"o":{"a":0,"k":100,"ix":11},"r":{"a":1,"k":[{"i":{"x":[0.833],"y":[0.833]},"o":{"x":[0.167],"y":[0.167]},"t":0,"s":[0]},{"i":{"x":[0.833],"y":[0.833]},"o":{"x":[0.167],"y":[0.167]},"t":60,"s":[23]},{"t":120.0000048877,"s":[0]}],"ix":10},"p":{"a":0,"k":[540,540,0],"ix":2},"a":{"a":0,"k":[0,0,0],"ix":1},"s":{"a":0,"k":[100,100,100],"ix":6}},"ao":0,"hasMask":true,"masksProperties":[{"inv":false,"mode":"a","pt":{"a":0,"k":{"i":[[225.884,0],[0,-225.884],[-225.884,0],[0,225.884]],"o":[[-225.884,0],[0,225.884],[225.884,0],[0,-225.884]],"v":[[3,-405],[-406,4],[3,413],[412,4]],"c":true},"ix":1},"o":{"a":0,"k":100,"ix":3},"x":{"a":0,"k":0,"ix":4},"nm":"Mask 1"}],"shapes":[{"ty":"gr","it":[{"ind":0,"ty":"sh","ix":1,"ks":{"a":1,"k":[{"i":{"x":0.833,"y":0.833},"o":{"x":0.167,"y":0.167},"t":2,"s":[{"i":[[0,0],[156.12,-228.935],[0,0],[-484,24]],"o":[[0,0],[-183.95,269.745],[0,0],[484,-24]],"v":[[472,-192],[136,-63],[-458,34],[36,458]],"c":true}]},{"i":{"x":0.667,"y":1},"o":{"x":0.167,"y":0.167},"t":30,"s":[{"i":[[0,0],[267.502,53.273],[0,0],[-484,24]],"o":[[0,0],[-281.669,-77.873],[0,0],[484,-24]],"v":[[481.483,-152.172],[16.515,-41.663],[-458,34],[36,458]],"c":true}]},{"i":{"x":0.833,"y":0.833},"o":{"x":0.167,"y":0.167},"t":60,"s":[{"i":[[0,0],[286,111],[0,0],[-484,24]],"o":[[0,0],[-245.831,-95.41],[0,0],[484,-24]],"v":[[492,-108],[-162,27],[-458,34],[36,458]],"c":true}]},{"i":{"x":0.833,"y":0.833},"o":{"x":0.333,"y":0},"t":90,"s":[{"i":[[0,0],[274,-151],[0,0],[-484,24]],"o":[[0,0],[-220,138],[0,0],[484,-24]],"v":[[482,-150],[-13,-18],[-458,34],[36,458]],"c":true}]},{"t":120.0000048877,"s":[{"i":[[0,0],[156.12,-228.935],[0,0],[-484,24]],"o":[[0,0],[-183.95,269.745],[0,0],[484,-24]],"v":[[472,-192],[136,-63],[-458,34],[36,458]],"c":true}]}],"ix":2},"nm":"Path 1","mn":"ADBE Vector Shape - Group","hd":false},{"ty":"gf","o":{"a":0,"k":100,"ix":10},"r":1,"bm":0,"g":{"p":2,"k":{"a":0,"k":[0,0.3686274509803922,0.7294117647058823,0.8862745098039215,1,0.3686274509803922,0.7294117647058823,0.8862745098039215],"ix":9}},"s":{"a":0,"k":[-57.022,84.549],"ix":5},"e":{"a":0,"k":[-82.329,-166.397],"ix":6},"t":1,"nm":"Gradient Fill 1","mn":"ADBE Vector Graphic - G-Fill","hd":false},{"ty":"tr","p":{"a":0,"k":[0,0],"ix":2},"a":{"a":0,"k":[0,0],"ix":1},"s":{"a":0,"k":[100,100],"ix":3},"r":{"a":0,"k":0,"ix":6},"o":{"a":0,"k":100,"ix":7},"sk":{"a":0,"k":0,"ix":4},"sa":{"a":0,"k":0,"ix":5},"nm":"Transform"}],"nm":"Shape 1","np":3,"cix":2,"bm":0,"ix":1,"mn":"ADBE Vector Group","hd":false}],"ip":0,"op":900.000036657751,"st":0,"bm":0},{"ddd":0,"ind":3,"ty":4,"nm":"Shape Layer 4","sr":1,"ks":{"o":{"a":0,"k":100,"ix":11},"r":{"a":1,"k":[{"i":{"x":[0.833],"y":[0.833]},"o":{"x":[0.167],"y":[0.167]},"t":0,"s":[0]},{"i":{"x":[0.833],"y":[0.833]},"o":{"x":[0.167],"y":[0.167]},"t":60,"s":[30]},{"t":120.0000048877,"s":[0]}],"ix":10},"p":{"a":0,"k":[540,540,0],"ix":2},"a":{"a":0,"k":[0,0,0],"ix":1},"s":{"a":0,"k":[100,100,100],"ix":6}},"ao":0,"hasMask":true,"masksProperties":[{"inv":false,"mode":"a","pt":{"a":0,"k":{"i":[[225.884,0],[0,-225.884],[-225.884,0],[0,225.884]],"o":[[-225.884,0],[0,225.884],[225.884,0],[0,-225.884]],"v":[[3,-405],[-406,4],[3,413],[412,4]],"c":true},"ix":1},"o":{"a":0,"k":100,"ix":3},"x":{"a":0,"k":0,"ix":4},"nm":"Mask 2"}],"shapes":[{"ty":"gr","it":[{"ind":0,"ty":"sh","ix":1,"ks":{"a":1,"k":[{"i":{"x":0.667,"y":1},"o":{"x":0.333,"y":0},"t":2,"s":[{"i":[[0,0],[398.036,-42.044],[0,0],[-484,24]],"o":[[0,0],[-256.856,27.131],[0,0],[484,-24]],"v":[[476,-3.674],[-13.209,-27.947],[-427.97,139.443],[36,458]],"c":true}]},{"i":{"x":0.833,"y":0.833},"o":{"x":0.333,"y":0},"t":30,"s":[{"i":[[0,0],[158.214,-42.959],[0,0],[-484,24]],"o":[[0,0],[-167.66,45.523],[0,0],[484,-24]],"v":[[487.796,-79.434],[55.43,-80.817],[-418.093,126.474],[36,458]],"c":true}]},{"i":{"x":0.833,"y":0.833},"o":{"x":0.167,"y":0.167},"t":60,"s":[{"i":[[0,0],[242.747,-268.881],[0,0],[-484.047,23.037]],"o":[[0,0],[-150.596,166.81],[0,0],[542.563,-25.822]],"v":[[453.552,-221.998],[13.859,-33.69],[-460.591,95.821],[4.019,426.826]],"c":true}]},{"i":{"x":0.667,"y":1},"o":{"x":0.167,"y":0.167},"t":90,"s":[{"i":[[0,0],[251.793,17.833],[0,0],[-484,24]],"o":[[0,0],[-146.141,-10.35],[0,0],[484,-24]],"v":[[487.132,-89.844],[-28.851,-60.927],[-458,34],[36,458]],"c":true}]},{"t":120.0000048877,"s":[{"i":[[0,0],[398.036,-42.044],[0,0],[-484,24]],"o":[[0,0],[-256.856,27.131],[0,0],[484,-24]],"v":[[476,-3.674],[-13.209,-27.947],[-427.97,139.443],[36,458]],"c":true}]}],"ix":2},"nm":"Path 1","mn":"ADBE Vector Shape - Group","hd":false},{"ty":"gf","o":{"a":0,"k":100,"ix":10},"r":1,"bm":0,"g":{"p":2,"k":{"a":0,"k":[0,0.5686274509803921,0.8117647058823529,0.9176470588235294,1,0.5686274509803921,0.8117647058823529,0.9176470588235294],"ix":9}},"s":{"a":0,"k":[20.731,114.085],"ix":5},"e":{"a":0,"k":[25.021,-51.542],"ix":6},"t":1,"nm":"Gradient Fill 1","mn":"ADBE Vector Graphic - G-Fill","hd":false},{"ty":"tr","p":{"a":0,"k":[0,0],"ix":2},"a":{"a":0,"k":[0,0],"ix":1},"s":{"a":0,"k":[100,100],"ix":3},"r":{"a":0,"k":0,"ix":6},"o":{"a":0,"k":100,"ix":7},"sk":{"a":0,"k":0,"ix":4},"sa":{"a":0,"k":0,"ix":5},"nm":"Transform"}],"nm":"Shape 1","np":3,"cix":2,"bm":0,"ix":1,"mn":"ADBE Vector Group","hd":false}],"ip":0,"op":900.000036657751,"st":0,"bm":0},{"ddd":0,"ind":4,"ty":4,"nm":"Shape Layer 1","sr":1,"ks":{"o":{"a":0,"k":10,"ix":11},"r":{"a":0,"k":0,"ix":10},"p":{"a":0,"k":[521,513,0],"ix":2},"a":{"a":0,"k":[0,0,0],"ix":1},"s":{"a":0,"k":[99.405,99.405,100],"ix":6}},"ao":0,"shapes":[{"ty":"gr","it":[{"d":1,"ty":"el","s":{"a":0,"k":[822,822],"ix":2},"p":{"a":0,"k":[0,0],"ix":3},"nm":"Ellipse Path 1","mn":"ADBE Vector Shape - Ellipse","hd":false},{"ty":"fl","c":{"a":0,"k":[0.5686274509803921,0.8117647058823529,0.9176470588235294,1],"ix":4},"o":{"a":0,"k":100,"ix":5},"r":1,"bm":0,"nm":"Fill 1","mn":"ADBE Vector Graphic - Fill","hd":false},{"ty":"tr","p":{"a":0,"k":[21,33],"ix":2},"a":{"a":0,"k":[0,0],"ix":1},"s":{"a":0,"k":[100,100],"ix":3},"r":{"a":0,"k":0,"ix":6},"o":{"a":0,"k":100,"ix":7},"sk":{"a":0,"k":0,"ix":4},"sa":{"a":0,"k":0,"ix":5},"nm":"Transform"}],"nm":"Ellipse 1","np":3,"cix":2,"bm":0,"ix":1,"mn":"ADBE Vector Group","hd":false}],"ip":0,"op":900.000036657751,"st":0,"bm":0}],"markers":[]}